sid,equip_PlayerBodyType,Sys_ItemEquip_Sid,file_name_texture,file_name_object,file_name_icon,equip_animation_item
1,EPBT_MIDIUM,1,1_2_11_e1.png,NULL,NULL,NULL
2,EPBT_MIDIUM,25,1_2_14_e1.png,NULL,NULL,NULL
3,EPBT_MIDIUM,49,3_2_1_e1.png,NULL,NULL,NULL
4,EPBT_MIDIUM,1,1_2_11_e0.png,NULL,NULL,NULL
5,EPBT_MIDIUM,2,1_2_11_e1.png,NULL,NULL,NULL
6,EPBT_MIDIUM,3,1_2_11_d1.png,NULL,NULL,NULL
7,EPBT_MIDIUM,4,1_2_11_c1.png,NULL,NULL,NULL
8,EPBT_MIDIUM,5,1_2_11_b1.png,NULL,NULL,NULL
9,EPBT_MIDIUM,6,1_2_11_a1.png,NULL,NULL,NULL
10,EPBT_MIDIUM,7,1_2_11_s1.png,NULL,NULL,NULL
11,EPBT_MIDIUM,8,1_2_11_s2.png,NULL,NULL,NULL
12,EPBT_LARGE,1,1_3_11_e0.png,NULL,NULL,NULL
13,EPBT_LARGE,2,1_3_11_e1.png,NULL,NULL,NULL
14,EPBT_LARGE,3,1_3_11_d1.png,NULL,NULL,NULL
15,EPBT_LARGE,4,1_3_11_c1.png,NULL,NULL,NULL
16,EPBT_LARGE,5,1_3_11_b1.png,NULL,NULL,NULL
17,EPBT_LARGE,6,1_3_11_a1.png,NULL,NULL,NULL
18,EPBT_LARGE,7,1_3_11_s1.png,NULL,NULL,NULL
19,EPBT_LARGE,8,1_3_11_s2.png,NULL,NULL,NULL
20,EPBT_WOMAN,1,1_4_11_e0.png,NULL,NULL,NULL
21,EPBT_WOMAN,2,1_4_11_e1.png,NULL,NULL,NULL
22,EPBT_WOMAN,3,1_4_11_d1.png,NULL,NULL,NULL
23,EPBT_WOMAN,4,1_4_11_c1.png,NULL,NULL,NULL
24,EPBT_WOMAN,5,1_4_11_b1.png,NULL,NULL,NULL
25,EPBT_WOMAN,6,1_4_11_a1.png,NULL,NULL,NULL
26,EPBT_WOMAN,7,1_4_11_s1.png,NULL,NULL,NULL
27,EPBT_WOMAN,8,1_4_11_s2.png,NULL,NULL,NULL
28,EPBT_MIDIUM,9,2_2_12_e0.png,NULL,NULL,NULL
29,EPBT_MIDIUM,10,2_2_12_e1.png,NULL,NULL,NULL
30,EPBT_MIDIUM,11,2_2_12_d1.png,NULL,NULL,NULL
31,EPBT_MIDIUM,12,2_2_12_c1.png,NULL,NULL,NULL
32,EPBT_MIDIUM,13,2_2_12_b1.png,NULL,NULL,NULL
33,EPBT_MIDIUM,14,2_2_12_a1.png,NULL,NULL,NULL
34,EPBT_MIDIUM,15,2_2_12_s1.png,NULL,NULL,NULL
35,EPBT_LARGE,9,2_3_12_e0.png,NULL,NULL,NULL
36,EPBT_LARGE,10,2_3_12_e1.png,NULL,NULL,NULL
37,EPBT_LARGE,11,2_3_12_d1.png,NULL,NULL,NULL
38,EPBT_LARGE,12,2_3_12_c1.png,NULL,NULL,NULL
39,EPBT_LARGE,13,2_3_12_b1.png,NULL,NULL,NULL
40,EPBT_LARGE,14,2_3_12_a1.png,NULL,NULL,NULL
41,EPBT_LARGE,15,2_3_12_s1.png,NULL,NULL,NULL
42,EPBT_WOMAN,9,2_4_12_e0.png,NULL,NULL,NULL
43,EPBT_WOMAN,10,2_4_12_e1.png,NULL,NULL,NULL
44,EPBT_WOMAN,11,2_4_12_d1.png,NULL,NULL,NULL
45,EPBT_WOMAN,12,2_4_12_c1.png,NULL,NULL,NULL
46,EPBT_WOMAN,13,2_4_12_b1.png,NULL,NULL,NULL
47,EPBT_WOMAN,14,2_4_12_a1.png,NULL,NULL,NULL
48,EPBT_WOMAN,15,2_4_12_s1.png,NULL,NULL,NULL
49,EPBT_MIDIUM,16,1_2_13_e0.png,NULL,NULL,NULL
50,EPBT_MIDIUM,17,1_2_13_e1.png,NULL,NULL,NULL
51,EPBT_MIDIUM,18,1_2_13_d1.png,NULL,NULL,NULL
52,EPBT_MIDIUM,19,1_2_13_c1.png,NULL,NULL,NULL
53,EPBT_MIDIUM,20,1_2_13_b1.png,NULL,NULL,NULL
54,EPBT_MIDIUM,21,1_2_13_a1.png,NULL,NULL,NULL
55,EPBT_MIDIUM,22,1_2_13_s1.png,NULL,NULL,NULL
56,EPBT_LARGE,16,1_3_13_e0.png,NULL,NULL,NULL
57,EPBT_LARGE,17,1_3_13_e1.png,NULL,NULL,NULL
58,EPBT_LARGE,18,1_3_13_d1.png,NULL,NULL,NULL
59,EPBT_LARGE,19,1_3_13_c1.png,NULL,NULL,NULL
60,EPBT_LARGE,20,1_3_13_b1.png,NULL,NULL,NULL
61,EPBT_LARGE,21,1_3_13_a1.png,NULL,NULL,NULL
62,EPBT_LARGE,22,1_3_13_s1.png,NULL,NULL,NULL
63,EPBT_WOMAN,16,1_4_13_e0.png,NULL,NULL,NULL
64,EPBT_WOMAN,17,1_4_13_e1.png,NULL,NULL,NULL
65,EPBT_WOMAN,18,1_4_13_d1.png,NULL,NULL,NULL
66,EPBT_WOMAN,19,1_4_13_c1.png,NULL,NULL,NULL
67,EPBT_WOMAN,20,1_4_13_b1.png,NULL,NULL,NULL
68,EPBT_WOMAN,21,1_4_13_a1.png,NULL,NULL,NULL
69,EPBT_WOMAN,22,1_4_13_s1.png,NULL,NULL,NULL
70,EPBT_MIDIUM,23,2_2_3_e0.png,NULL,NULL,NULL
71,EPBT_MIDIUM,24,2_2_3_e1.png,NULL,NULL,NULL
72,EPBT_MIDIUM,25,2_2_3_d1.png,NULL,NULL,NULL
73,EPBT_MIDIUM,26,2_2_3_c1.png,NULL,NULL,NULL
74,EPBT_MIDIUM,27,2_2_3_b1.png,NULL,NULL,NULL
75,EPBT_MIDIUM,28,2_2_3_a1.png,NULL,NULL,NULL
76,EPBT_MIDIUM,29,2_2_3_s1.png,NULL,NULL,NULL
77,EPBT_LARGE,23,2_3_3_e0.png,NULL,NULL,NULL
78,EPBT_LARGE,24,2_3_3_e1.png,NULL,NULL,NULL
79,EPBT_LARGE,25,2_3_3_d1.png,NULL,NULL,NULL
80,EPBT_LARGE,26,2_3_3_c1.png,NULL,NULL,NULL
81,EPBT_LARGE,27,2_3_3_b1.png,NULL,NULL,NULL
82,EPBT_LARGE,28,2_3_3_a1.png,NULL,NULL,NULL
83,EPBT_LARGE,29,2_3_3_s1.png,NULL,NULL,NULL
84,EPBT_WOMAN,23,2_4_3_e0.png,NULL,NULL,NULL
85,EPBT_WOMAN,24,2_4_3_e1.png,NULL,NULL,NULL
86,EPBT_WOMAN,25,2_4_3_d1.png,NULL,NULL,NULL
87,EPBT_WOMAN,26,2_4_3_c1.png,NULL,NULL,NULL
88,EPBT_WOMAN,27,2_4_3_b1.png,NULL,NULL,NULL
89,EPBT_WOMAN,28,2_4_3_a1.png,NULL,NULL,NULL
90,EPBT_WOMAN,29,2_4_3_s1.png,NULL,NULL,NULL
91,EPBT_MIDIUM,30,1_2_14_e0.png,NULL,NULL,NULL
92,EPBT_MIDIUM,31,1_2_14_e1.png,NULL,NULL,NULL
93,EPBT_MIDIUM,32,1_2_14_d1.png,NULL,NULL,NULL
94,EPBT_MIDIUM,33,1_2_14_c1.png,NULL,NULL,NULL
95,EPBT_MIDIUM,34,1_2_14_b1.png,NULL,NULL,NULL
96,EPBT_MIDIUM,35,1_2_14_a1.png,NULL,NULL,NULL
97,EPBT_MIDIUM,36,1_2_14_s1.png,NULL,NULL,NULL
98,EPBT_LARGE,30,1_3_14_e0.png,NULL,NULL,NULL
99,EPBT_LARGE,31,1_3_14_e1.png,NULL,NULL,NULL
100,EPBT_LARGE,32,1_3_14_d1.png,NULL,NULL,NULL
101,EPBT_LARGE,33,1_3_14_c1.png,NULL,NULL,NULL
102,EPBT_LARGE,34,1_3_14_b1.png,NULL,NULL,NULL
103,EPBT_LARGE,35,1_3_14_a1.png,NULL,NULL,NULL
104,EPBT_LARGE,36,1_3_14_s1.png,NULL,NULL,NULL
105,EPBT_WOMAN,30,1_4_14_e0.png,NULL,NULL,NULL
106,EPBT_WOMAN,31,1_4_14_e1.png,NULL,NULL,NULL
107,EPBT_WOMAN,32,1_4_14_d1.png,NULL,NULL,NULL
108,EPBT_WOMAN,33,1_4_14_c1.png,NULL,NULL,NULL
109,EPBT_WOMAN,34,1_4_14_b1.png,NULL,NULL,NULL
110,EPBT_WOMAN,35,1_4_14_a1.png,NULL,NULL,NULL
111,EPBT_WOMAN,36,1_4_14_s1.png,NULL,NULL,NULL
112,EPBT_MIDIUM,37,2_2_6_e0.png,NULL,NULL,NULL
113,EPBT_MIDIUM,38,2_2_6_e1.png,NULL,NULL,NULL
114,EPBT_MIDIUM,39,2_2_6_d1.png,NULL,NULL,NULL
115,EPBT_MIDIUM,40,2_2_6_c1.png,NULL,NULL,NULL
116,EPBT_MIDIUM,41,2_2_6_b1.png,NULL,NULL,NULL
117,EPBT_MIDIUM,42,2_2_6_a1.png,NULL,NULL,NULL
118,EPBT_MIDIUM,43,2_2_6_s1.png,NULL,NULL,NULL
119,EPBT_MIDIUM,44,2_2_6_s2.png,NULL,NULL,NULL
120,EPBT_LARGE,37,2_3_6_e0.png,NULL,NULL,NULL
121,EPBT_LARGE,38,2_3_6_e1.png,NULL,NULL,NULL
122,EPBT_LARGE,39,2_3_6_d1.png,NULL,NULL,NULL
123,EPBT_LARGE,40,2_3_6_c1.png,NULL,NULL,NULL
124,EPBT_LARGE,41,2_3_6_b1.png,NULL,NULL,NULL
125,EPBT_LARGE,42,2_3_6_a1.png,NULL,NULL,NULL
126,EPBT_LARGE,43,2_3_6_s1.png,NULL,NULL,NULL
127,EPBT_LARGE,44,2_3_6_s2.png,NULL,NULL,NULL
128,EPBT_WOMAN,37,2_4_6_e0.png,NULL,NULL,NULL
129,EPBT_WOMAN,38,2_4_6_e1.png,NULL,NULL,NULL
130,EPBT_WOMAN,39,2_4_6_d1.png,NULL,NULL,NULL
131,EPBT_WOMAN,40,2_4_6_c1.png,NULL,NULL,NULL
132,EPBT_WOMAN,41,2_4_6_b1.png,NULL,NULL,NULL
133,EPBT_WOMAN,42,2_4_6_a1.png,NULL,NULL,NULL
134,EPBT_WOMAN,43,2_4_6_s1.png,NULL,NULL,NULL
135,EPBT_WOMAN,44,2_4_6_s2.png,NULL,NULL,NULL
136,EPBT_MIDIUM,45,1_2_4_e0.png,NULL,NULL,NULL
137,EPBT_MIDIUM,46,1_2_4_e1.png,NULL,NULL,NULL
138,EPBT_MIDIUM,47,1_2_4_d1.png,NULL,NULL,NULL
139,EPBT_MIDIUM,48,1_2_4_c1.png,NULL,NULL,NULL
140,EPBT_MIDIUM,49,1_2_4_b1.png,NULL,NULL,NULL
141,EPBT_MIDIUM,50,1_2_4_a1.png,NULL,NULL,NULL
142,EPBT_MIDIUM,51,1_2_4_s1.png,NULL,NULL,NULL
143,EPBT_LARGE,45,1_3_4_e0.png,NULL,NULL,NULL
144,EPBT_LARGE,46,1_3_4_e1.png,NULL,NULL,NULL
145,EPBT_LARGE,47,1_3_4_d1.png,NULL,NULL,NULL
146,EPBT_LARGE,48,1_3_4_c1.png,NULL,NULL,NULL
147,EPBT_LARGE,49,1_3_4_b1.png,NULL,NULL,NULL
148,EPBT_LARGE,50,1_3_4_a1.png,NULL,NULL,NULL
149,EPBT_LARGE,51,1_3_4_s1.png,NULL,NULL,NULL
150,EPBT_MIDIUM,52,1_2_4_e0.png,NULL,NULL,NULL
151,EPBT_MIDIUM,53,1_2_4_e1.png,NULL,NULL,NULL
152,EPBT_MIDIUM,54,1_2_4_d1.png,NULL,NULL,NULL
153,EPBT_MIDIUM,55,1_2_4_c1.png,NULL,NULL,NULL
154,EPBT_MIDIUM,56,1_2_4_b1.png,NULL,NULL,NULL
155,EPBT_MIDIUM,57,1_2_4_a1.png,NULL,NULL,NULL
156,EPBT_MIDIUM,58,1_2_4_s1.png,NULL,NULL,NULL
157,EPBT_LARGE,52,1_3_4_e0.png,NULL,NULL,NULL
158,EPBT_LARGE,53,1_3_4_e1.png,NULL,NULL,NULL
159,EPBT_LARGE,54,1_3_4_d1.png,NULL,NULL,NULL
160,EPBT_LARGE,55,1_3_4_c1.png,NULL,NULL,NULL
161,EPBT_LARGE,56,1_3_4_b1.png,NULL,NULL,NULL
162,EPBT_LARGE,57,1_3_4_a1.png,NULL,NULL,NULL
163,EPBT_LARGE,58,1_3_4_s1.png,NULL,NULL,NULL
164,EPBT_WOMAN,45,3_4_4_e0.png,NULL,NULL,NULL
165,EPBT_WOMAN,46,3_4_4_e1.png,NULL,NULL,NULL
166,EPBT_WOMAN,47,3_4_4_d1.png,NULL,NULL,NULL
167,EPBT_WOMAN,48,3_4_4_c1.png,NULL,NULL,NULL
168,EPBT_WOMAN,49,3_4_4_b1.png,NULL,NULL,NULL
169,EPBT_WOMAN,50,3_4_4_a1.png,NULL,NULL,NULL
170,EPBT_WOMAN,51,3_4_4_s1.png,NULL,NULL,NULL
164,EPBT_WOMAN,52,3_4_4_e0.png,NULL,NULL,NULL
165,EPBT_WOMAN,53,3_4_4_e1.png,NULL,NULL,NULL
166,EPBT_WOMAN,54,3_4_4_d1.png,NULL,NULL,NULL
167,EPBT_WOMAN,55,3_4_4_c1.png,NULL,NULL,NULL
168,EPBT_WOMAN,56,3_4_4_b1.png,NULL,NULL,NULL
169,EPBT_WOMAN,57,3_4_4_a1.png,NULL,NULL,NULL
170,EPBT_WOMAN,58,3_4_4_s1.png,NULL,NULL,NULL
178,EPBT_MIDIUM,59,3_2_1_e0.png,NULL,NULL,NULL
179,EPBT_MIDIUM,60,3_2_1_e1.png,NULL,NULL,NULL
180,EPBT_MIDIUM,61,3_2_1_d1.png,NULL,NULL,NULL
181,EPBT_MIDIUM,62,3_2_1_c1.png,NULL,NULL,NULL
182,EPBT_MIDIUM,63,3_2_1_b1.png,NULL,NULL,NULL
183,EPBT_MIDIUM,64,3_2_1_b2.png,NULL,NULL,NULL
184,EPBT_MIDIUM,65,3_2_1_a1.png,NULL,NULL,NULL
185,EPBT_MIDIUM,66,3_2_1_a2.png,NULL,NULL,NULL
186,EPBT_MIDIUM,67,3_2_1_s1.png,NULL,NULL,NULL
187,EPBT_MIDIUM,68,3_2_1_s2.png,NULL,NULL,NULL
188,EPBT_MIDIUM,69,3_2_1_s3.png,NULL,NULL,NULL
189,EPBT_LARGE,59,3_3_1_e0.png,NULL,NULL,NULL
190,EPBT_LARGE,60,3_3_1_e1.png,NULL,NULL,NULL
191,EPBT_LARGE,61,3_3_1_d1.png,NULL,NULL,NULL
192,EPBT_LARGE,62,3_3_1_c1.png,NULL,NULL,NULL
193,EPBT_LARGE,63,3_3_1_b1.png,NULL,NULL,NULL
194,EPBT_LARGE,64,3_3_1_b2.png,NULL,NULL,NULL
195,EPBT_LARGE,65,3_3_1_a1.png,NULL,NULL,NULL
196,EPBT_LARGE,66,3_3_1_a2.png,NULL,NULL,NULL
197,EPBT_LARGE,67,3_3_1_s1.png,NULL,NULL,NULL
198,EPBT_LARGE,68,3_3_1_s2.png,NULL,NULL,NULL
199,EPBT_LARGE,69,3_3_1_s3.png,NULL,NULL,NULL
200,EPBT_MIDIUM,70,3_2_2_e0.png,NULL,NULL,NULL
201,EPBT_MIDIUM,71,3_2_2_e1.png,NULL,NULL,NULL
202,EPBT_MIDIUM,72,3_2_2_d1.png,NULL,NULL,NULL
203,EPBT_MIDIUM,73,3_2_2_c1.png,NULL,NULL,NULL
204,EPBT_MIDIUM,74,3_2_2_b1.png,NULL,NULL,NULL
205,EPBT_MIDIUM,75,3_2_2_b2.png,NULL,NULL,NULL
206,EPBT_MIDIUM,76,3_2_2_a1.png,NULL,NULL,NULL
207,EPBT_MIDIUM,77,3_2_2_a2.png,NULL,NULL,NULL
208,EPBT_MIDIUM,78,3_2_2_s1.png,NULL,NULL,NULL
209,EPBT_MIDIUM,79,3_2_2_s2.png,NULL,NULL,NULL
210,EPBT_MIDIUM,80,3_2_2_s3.png,NULL,NULL,NULL
211,EPBT_LARGE,70,3_3_2_e0.png,NULL,NULL,NULL
212,EPBT_LARGE,71,3_3_2_e1.png,NULL,NULL,NULL
213,EPBT_LARGE,72,3_3_2_d1.png,NULL,NULL,NULL
214,EPBT_LARGE,73,3_3_2_c1.png,NULL,NULL,NULL
215,EPBT_LARGE,74,3_3_2_b1.png,NULL,NULL,NULL
216,EPBT_LARGE,75,3_3_2_b2.png,NULL,NULL,NULL
217,EPBT_LARGE,76,3_3_2_a1.png,NULL,NULL,NULL
218,EPBT_LARGE,77,3_3_2_a2.png,NULL,NULL,NULL
219,EPBT_LARGE,78,3_3_2_s1.png,NULL,NULL,NULL
220,EPBT_LARGE,79,3_3_2_s2.png,NULL,NULL,NULL
221,EPBT_LARGE,80,3_3_2_s3.png,NULL,NULL,NULL
222,EPBT_WOMAN,81,3_4_1_e0.png,NULL,NULL,NULL
223,EPBT_WOMAN,82,3_4_1_e1.png,NULL,NULL,NULL
224,EPBT_WOMAN,83,3_4_1_d1.png,NULL,NULL,NULL
225,EPBT_WOMAN,84,3_4_1_c1.png,NULL,NULL,NULL
226,EPBT_WOMAN,85,3_4_1_b1.png,NULL,NULL,NULL
227,EPBT_WOMAN,86,3_4_1_b2.png,NULL,NULL,NULL
228,EPBT_WOMAN,87,3_4_1_a1.png,NULL,NULL,NULL
229,EPBT_WOMAN,88,3_4_1_a2.png,NULL,NULL,NULL
230,EPBT_WOMAN,89,3_4_1_s1.png,NULL,NULL,NULL
231,EPBT_WOMAN,90,3_4_1_s2.png,NULL,NULL,NULL
232,EPBT_WOMAN,91,3_4_1_s3.png,NULL,NULL,NULL
233,EPBT_WOMAN,92,3_4_2_e0.png,NULL,NULL,NULL
234,EPBT_WOMAN,93,3_4_2_e1.png,NULL,NULL,NULL
235,EPBT_WOMAN,94,3_4_2_d1.png,NULL,NULL,NULL
236,EPBT_WOMAN,95,3_4_2_c1.png,NULL,NULL,NULL
237,EPBT_WOMAN,96,3_4_2_b1.png,NULL,NULL,NULL
238,EPBT_WOMAN,97,3_4_2_b2.png,NULL,NULL,NULL
239,EPBT_WOMAN,98,3_4_2_a1.png,NULL,NULL,NULL
240,EPBT_WOMAN,99,3_4_2_a2.png,NULL,NULL,NULL
241,EPBT_WOMAN,100,3_4_2_s1.png,NULL,NULL,NULL
242,EPBT_WOMAN,101,3_4_2_s2.png,NULL,NULL,NULL
243,EPBT_WOMAN,102,3_4_2_s3.png,NULL,NULL,NULL
244,EPBT_MIDIUM,103,3_2_7_0.png,NULL,NULL,NULL
245,EPBT_MIDIUM,104,3_2_7_e1.png,NULL,NULL,NULL
246,EPBT_MIDIUM,105,3_2_7_d1.png,NULL,NULL,NULL
247,EPBT_MIDIUM,106,3_2_7_c1.png,NULL,NULL,NULL
248,EPBT_MIDIUM,107,3_2_7_b1.png,NULL,NULL,NULL
249,EPBT_MIDIUM,108,3_2_7_a1.png,NULL,NULL,NULL
250,EPBT_MIDIUM,109,3_2_7_s1.png,NULL,NULL,NULL
251,EPBT_LARGE,103,3_3_7_0.png,NULL,NULL,NULL
252,EPBT_LARGE,104,3_3_7_e1.png,NULL,NULL,NULL
253,EPBT_LARGE,105,3_3_7_d1.png,NULL,NULL,NULL
254,EPBT_LARGE,106,3_3_7_c1.png,NULL,NULL,NULL
255,EPBT_LARGE,107,3_3_7_b1.png,NULL,NULL,NULL
256,EPBT_LARGE,108,3_3_7_a1.png,NULL,NULL,NULL
257,EPBT_LARGE,109,3_3_7_s1.png,NULL,NULL,NULL
258,EPBT_WOMAN,110,3_4_7_0.png,NULL,NULL,NULL
259,EPBT_WOMAN,111,3_4_7_e1.png,NULL,NULL,NULL
260,EPBT_WOMAN,112,3_4_7_d1.png,NULL,NULL,NULL
261,EPBT_WOMAN,113,3_4_7_c1.png,NULL,NULL,NULL
262,EPBT_WOMAN,114,3_4_7_b1.png,NULL,NULL,NULL
263,EPBT_WOMAN,115,3_4_7_a1.png,NULL,NULL,NULL
264,EPBT_WOMAN,116,3_4_7_s1.png,NULL,NULL,NULL
265,EPBT_WOMAN,124,3_4_8_e0.png,NULL,NULL,NULL
266,EPBT_WOMAN,125,3_4_8_e1.png,NULL,NULL,NULL
267,EPBT_WOMAN,126,3_4_8_d1.png,NULL,NULL,NULL
268,EPBT_WOMAN,127,3_4_8_c1.png,NULL,NULL,NULL
269,EPBT_WOMAN,128,3_4_8_b1.png,NULL,NULL,NULL
270,EPBT_WOMAN,129,3_4_8_a1.png,NULL,NULL,NULL
271,EPBT_WOMAN,130,3_4_8_s1.png,NULL,NULL,NULL
272,EPBT_MIDIUM,131,1_2_9_e0.png,NULL,NULL,NULL
273,EPBT_MIDIUM,132,1_2_9_e1.png,NULL,NULL,NULL
274,EPBT_MIDIUM,133,1_2_9_d1.png,NULL,NULL,NULL
275,EPBT_MIDIUM,134,1_2_9_c1.png,NULL,NULL,NULL
276,EPBT_MIDIUM,135,1_2_9_b1.png,NULL,NULL,NULL
277,EPBT_MIDIUM,136,1_2_9_a1.png,NULL,NULL,NULL
278,EPBT_MIDIUM,137,1_2_9_s1.png,NULL,NULL,NULL
279,EPBT_LARGE,131,1_3_9_e0.png,NULL,NULL,NULL
280,EPBT_LARGE,132,1_3_9_e1.png,NULL,NULL,NULL
281,EPBT_LARGE,133,1_3_9_d1.png,NULL,NULL,NULL
282,EPBT_LARGE,134,1_3_9_c1.png,NULL,NULL,NULL
283,EPBT_LARGE,135,1_3_9_b1.png,NULL,NULL,NULL
284,EPBT_LARGE,136,1_3_9_a1.png,NULL,NULL,NULL
285,EPBT_LARGE,137,1_3_9_s1.png,NULL,NULL,NULL
286,EPBT_WOMAN,131,1_4_9_e0.png,NULL,NULL,NULL
287,EPBT_WOMAN,132,1_4_9_e1.png,NULL,NULL,NULL
288,EPBT_WOMAN,133,1_4_9_d1.png,NULL,NULL,NULL
289,EPBT_WOMAN,134,1_4_9_c1.png,NULL,NULL,NULL
290,EPBT_WOMAN,135,1_4_9_b1.png,NULL,NULL,NULL
291,EPBT_WOMAN,136,1_4_9_a1.png,NULL,NULL,NULL
292,EPBT_WOMAN,137,1_4_9_s1.png,NULL,NULL,NULL
293,EPBT_MIDIUM,138,1_2_10_e0.png,NULL,NULL,NULL
294,EPBT_MIDIUM,139,1_2_10_e1.png,NULL,NULL,NULL
295,EPBT_MIDIUM,140,1_2_10_d1.png,NULL,NULL,NULL
296,EPBT_MIDIUM,141,1_2_10_c1.png,NULL,NULL,NULL
297,EPBT_MIDIUM,142,1_2_10_b1.png,NULL,NULL,NULL
298,EPBT_MIDIUM,143,1_2_10_a1.png,NULL,NULL,NULL
299,EPBT_MIDIUM,144,1_2_10_s1.png,NULL,NULL,NULL
300,EPBT_LARGE,138,1_3_10_e0.png,NULL,NULL,NULL
301,EPBT_LARGE,139,1_3_10_e1.png,NULL,NULL,NULL
302,EPBT_LARGE,140,1_3_10_d1.png,NULL,NULL,NULL
303,EPBT_LARGE,141,1_3_10_c1.png,NULL,NULL,NULL
304,EPBT_LARGE,142,1_3_10_b1.png,NULL,NULL,NULL
305,EPBT_LARGE,143,1_3_10_a1.png,NULL,NULL,NULL
306,EPBT_LARGE,144,1_3_10_s1.png,NULL,NULL,NULL
307,EPBT_WOMAN,138,1_4_10_e0.png,NULL,NULL,NULL
308,EPBT_WOMAN,139,1_4_10_e1.png,NULL,NULL,NULL
309,EPBT_WOMAN,140,1_4_10_d1.png,NULL,NULL,NULL
310,EPBT_WOMAN,141,1_4_10_c1.png,NULL,NULL,NULL
311,EPBT_WOMAN,142,1_4_10_b1.png,NULL,NULL,NULL
312,EPBT_WOMAN,143,1_4_10_a1.png,NULL,NULL,NULL
313,EPBT_WOMAN,144,1_4_10_s1.png,NULL,NULL,NULL
314,EPBT_MIDIUM,145,3_2_15_e1.png,NULL,NULL,NULL
315,EPBT_MIDIUM,146,3_2_15_d1.png,NULL,NULL,NULL
316,EPBT_MIDIUM,147,3_2_15_c1.png,NULL,NULL,NULL
317,EPBT_MIDIUM,148,3_2_15_b1.png,NULL,NULL,NULL
318,EPBT_MIDIUM,149,3_2_15_a1.png,NULL,NULL,NULL
319,EPBT_MIDIUM,150,3_2_15_s1.png,NULL,NULL,NULL
320,EPBT_LARGE,145,3_3_15_e1.png,NULL,NULL,NULL
321,EPBT_LARGE,146,3_3_15_d1.png,NULL,NULL,NULL
322,EPBT_LARGE,147,3_3_15_c1.png,NULL,NULL,NULL
323,EPBT_LARGE,148,3_3_15_b1.png,NULL,NULL,NULL
324,EPBT_LARGE,149,3_3_15_a1.png,NULL,NULL,NULL
325,EPBT_LARGE,150,3_3_15_s1.png,NULL,NULL,NULL
326,EPBT_WOMAN,145,3_4_15_e1.png,NULL,NULL,NULL
327,EPBT_WOMAN,146,3_4_15_d1.png,NULL,NULL,NULL
328,EPBT_WOMAN,147,3_4_15_c1.png,NULL,NULL,NULL
329,EPBT_WOMAN,148,3_4_15_b1.png,NULL,NULL,NULL
330,EPBT_WOMAN,149,3_4_15_a1.png,NULL,NULL,NULL
331,EPBT_WOMAN,150,3_4_15_s1.png,NULL,NULL,NULL
332,EPBT_MIDIUM,151,3_2_16_e1.png,NULL,NULL,NULL
333,EPBT_MIDIUM,152,3_2_16_d1.png,NULL,NULL,NULL
334,EPBT_MIDIUM,153,3_2_16_c1.png,NULL,NULL,NULL
335,EPBT_MIDIUM,154,3_2_16_b1.png,NULL,NULL,NULL
336,EPBT_MIDIUM,155,3_2_16_a1.png,NULL,NULL,NULL
337,EPBT_MIDIUM,156,3_2_16_s1.png,NULL,NULL,NULL
338,EPBT_LARGE,151,3_3_16_e1.png,NULL,NULL,NULL
339,EPBT_LARGE,152,3_3_16_d1.png,NULL,NULL,NULL
340,EPBT_LARGE,153,3_3_16_c1.png,NULL,NULL,NULL
341,EPBT_LARGE,154,3_3_16_b1.png,NULL,NULL,NULL
342,EPBT_LARGE,155,3_3_16_a1.png,NULL,NULL,NULL
343,EPBT_LARGE,156,3_3_16_s1.png,NULL,NULL,NULL
344,EPBT_WOMAN,151,3_4_16_e1.png,NULL,NULL,NULL
345,EPBT_WOMAN,152,3_4_16_d1.png,NULL,NULL,NULL
346,EPBT_WOMAN,153,3_4_16_c1.png,NULL,NULL,NULL
347,EPBT_WOMAN,154,3_4_16_b1.png,NULL,NULL,NULL
348,EPBT_WOMAN,155,3_4_16_a1.png,NULL,NULL,NULL
349,EPBT_WOMAN,156,3_4_16_s1.png,NULL,NULL,NULL
350,EPBT_MIDIUM,163,3_2_18_e1.png,NULL,NULL,NULL
351,EPBT_MIDIUM,164,3_2_18_d1.png,NULL,NULL,NULL
352,EPBT_MIDIUM,165,3_2_18_c1.png,NULL,NULL,NULL
353,EPBT_MIDIUM,166,3_2_18_b1.png,NULL,NULL,NULL
354,EPBT_MIDIUM,167,3_2_18_a1.png,NULL,NULL,NULL
355,EPBT_MIDIUM,168,3_2_18_s1.png,NULL,NULL,NULL
356,EPBT_LARGE,163,3_3_18_e1.png,NULL,NULL,NULL
357,EPBT_LARGE,164,3_3_18_d1.png,NULL,NULL,NULL
358,EPBT_LARGE,165,3_3_18_c1.png,NULL,NULL,NULL
359,EPBT_LARGE,166,3_3_18_b1.png,NULL,NULL,NULL
360,EPBT_LARGE,167,3_3_18_a1.png,NULL,NULL,NULL
361,EPBT_LARGE,168,3_3_18_s1.png,NULL,NULL,NULL
362,EPBT_WOMAN,163,3_4_18_e1.png,NULL,NULL,NULL
363,EPBT_WOMAN,164,3_4_18_d1.png,NULL,NULL,NULL
364,EPBT_WOMAN,165,3_4_18_c1.png,NULL,NULL,NULL
365,EPBT_WOMAN,166,3_4_18_b1.png,NULL,NULL,NULL
366,EPBT_WOMAN,167,3_4_18_a1.png,NULL,NULL,NULL
367,EPBT_WOMAN,168,3_4_18_s1.png,NULL,NULL,NULL
368,EPBT_MIDIUM,169,3_2_19_b1.png,NULL,NULL,NULL
369,EPBT_MIDIUM,170,3_2_19_a1.png,NULL,NULL,NULL
370,EPBT_MIDIUM,171,3_2_19_s1.png,NULL,NULL,NULL
371,EPBT_LARGE,169,3_3_19_b1.png,NULL,NULL,NULL
372,EPBT_LARGE,170,3_3_19_a1.png,NULL,NULL,NULL
373,EPBT_LARGE,171,3_3_19_s1.png,NULL,NULL,NULL
374,EPBT_WOMAN,169,3_4_19_b1.png,NULL,NULL,NULL
375,EPBT_WOMAN,170,3_4_19_a1.png,NULL,NULL,NULL
376,EPBT_WOMAN,171,3_4_19_s1.png,NULL,NULL,NULL
377,EPBT_MIDIUM,172,3_2_20_b1.png,NULL,NULL,NULL
378,EPBT_MIDIUM,173,3_2_20_a1.png,NULL,NULL,NULL
379,EPBT_MIDIUM,174,3_2_20_s1.png,NULL,NULL,NULL
380,EPBT_LARGE,172,3_3_20_b1.png,NULL,NULL,NULL
381,EPBT_LARGE,173,3_3_20_a1.png,NULL,NULL,NULL
382,EPBT_LARGE,174,3_3_20_s1.png,NULL,NULL,NULL
383,EPBT_WOMAN,172,3_4_20_b1.png,NULL,NULL,NULL
384,EPBT_WOMAN,173,3_4_20_a1.png,NULL,NULL,NULL
385,EPBT_WOMAN,174,3_4_20_s1.png,NULL,NULL,NULL
386,EPBT_MIDIUM,175,3_2_21_b1.png,NULL,NULL,NULL
387,EPBT_MIDIUM,176,3_2_21_a1.png,NULL,NULL,NULL
388,EPBT_MIDIUM,177,3_2_21_s1.png,NULL,NULL,NULL
389,EPBT_LARGE,175,3_3_21_b1.png,NULL,NULL,NULL
390,EPBT_LARGE,176,3_3_21_a1.png,NULL,NULL,NULL
391,EPBT_LARGE,177,3_3_21_s1.png,NULL,NULL,NULL
392,EPBT_WOMAN,175,3_4_21_b1.png,NULL,NULL,NULL
393,EPBT_WOMAN,176,3_4_21_a1.png,NULL,NULL,NULL
394,EPBT_WOMAN,177,3_4_21_s1.png,NULL,NULL,NULL
395,EPBT_MIDIUM,178,3_2_22_e1.png,NULL,NULL,NULL
396,EPBT_MIDIUM,179,3_2_22_e2.png,NULL,NULL,NULL
397,EPBT_MIDIUM,180,3_2_22_e3.png,NULL,NULL,NULL
398,EPBT_MIDIUM,181,3_2_22_e4.png,NULL,NULL,NULL
399,EPBT_MIDIUM,182,3_2_22_e5.png,NULL,NULL,NULL
400,EPBT_MIDIUM,183,3_2_22_e6.png,NULL,NULL,NULL
401,EPBT_MIDIUM,184,3_2_22_e7.png,NULL,NULL,NULL
402,EPBT_MIDIUM,185,3_2_22_e8.png,NULL,NULL,NULL
403,EPBT_MIDIUM,186,3_2_22_e9.png,NULL,NULL,NULL
404,EPBT_MIDIUM,187,3_2_22_e10.png,NULL,NULL,NULL
405,EPBT_LARGE,178,3_3_22_e1.png,NULL,NULL,NULL
406,EPBT_LARGE,179,3_3_22_e2.png,NULL,NULL,NULL
407,EPBT_LARGE,180,3_3_22_e3.png,NULL,NULL,NULL
408,EPBT_LARGE,181,3_3_22_e4.png,NULL,NULL,NULL
409,EPBT_LARGE,182,3_3_22_e5.png,NULL,NULL,NULL
410,EPBT_LARGE,183,3_3_22_e6.png,NULL,NULL,NULL
411,EPBT_LARGE,184,3_3_22_e7.png,NULL,NULL,NULL
412,EPBT_LARGE,185,3_3_22_e8.png,NULL,NULL,NULL
413,EPBT_LARGE,186,3_3_22_e9.png,NULL,NULL,NULL
414,EPBT_LARGE,187,3_3_22_e10.png,NULL,NULL,NULL
415,EPBT_MIDIUM,188,3_2_23_e1.png,NULL,NULL,NULL
416,EPBT_MIDIUM,189,3_2_23_e2.png,NULL,NULL,NULL
417,EPBT_MIDIUM,190,3_2_23_e3.png,NULL,NULL,NULL
418,EPBT_MIDIUM,191,3_2_23_e4.png,NULL,NULL,NULL
419,EPBT_MIDIUM,192,3_2_23_e5.png,NULL,NULL,NULL
420,EPBT_MIDIUM,193,NULL,NULL,NULL,NULL
421,EPBT_MIDIUM,194,NULL,NULL,NULL,NULL
422,EPBT_MIDIUM,195,NULL,NULL,NULL,NULL
423,EPBT_MIDIUM,196,NULL,NULL,NULL,NULL
424,EPBT_MIDIUM,197,NULL,NULL,NULL,NULL
425,EPBT_LARGE,188,3_3_23_e1.png,NULL,NULL,NULL
426,EPBT_LARGE,189,3_3_23_e2.png,NULL,NULL,NULL
427,EPBT_LARGE,190,3_3_23_e3.png,NULL,NULL,NULL
428,EPBT_LARGE,191,3_3_23_e4.png,NULL,NULL,NULL
429,EPBT_LARGE,192,3_3_23_e5.png,NULL,NULL,NULL
430,EPBT_LARGE,193,NULL,NULL,NULL,NULL
431,EPBT_LARGE,194,NULL,NULL,NULL,NULL
432,EPBT_LARGE,195,NULL,NULL,NULL,NULL
433,EPBT_LARGE,196,NULL,NULL,NULL,NULL
434,EPBT_LARGE,197,NULL,NULL,NULL,NULL
435,EPBT_WOMAN,198,3_4_24_e1.png,NULL,NULL,NULL
436,EPBT_WOMAN,199,3_4_24_e2.png,NULL,NULL,NULL
437,EPBT_WOMAN,200,3_4_24_e3.png,NULL,NULL,NULL
438,EPBT_WOMAN,201,3_4_24_e4.png,NULL,NULL,NULL
439,EPBT_WOMAN,202,3_4_24_e5.png,NULL,NULL,NULL
440,EPBT_WOMAN,203,NULL,NULL,NULL,NULL
441,EPBT_WOMAN,204,NULL,NULL,NULL,NULL
442,EPBT_WOMAN,205,NULL,NULL,NULL,NULL
443,EPBT_WOMAN,206,NULL,NULL,NULL,NULL
444,EPBT_WOMAN,207,NULL,NULL,NULL,NULL
445,EPBT_MIDIUM,208,3_2_26_e1.png,NULL,NULL,NULL
446,EPBT_MIDIUM,209,3_2_26_e2.png,NULL,NULL,NULL
447,EPBT_MIDIUM,210,3_2_26_e3.png,NULL,NULL,NULL
448,EPBT_MIDIUM,211,3_2_26_e4.png,NULL,NULL,NULL
449,EPBT_MIDIUM,212,3_2_26_e5.png,NULL,NULL,NULL
450,EPBT_MIDIUM,213,3_2_26_e6.png,NULL,NULL,NULL
451,EPBT_MIDIUM,214,3_2_26_e7.png,NULL,NULL,NULL
452,EPBT_MIDIUM,215,3_2_26_e8.png,NULL,NULL,NULL
453,EPBT_MIDIUM,216,3_2_26_e9.png,NULL,NULL,NULL
454,EPBT_MIDIUM,217,3_2_26_e10.png,NULL,NULL,NULL
455,EPBT_LARGE,208,3_3_26_e1.png,NULL,NULL,NULL
456,EPBT_LARGE,209,3_3_26_e2.png,NULL,NULL,NULL
457,EPBT_LARGE,210,3_3_26_e3.png,NULL,NULL,NULL
458,EPBT_LARGE,211,3_3_26_e4.png,NULL,NULL,NULL
459,EPBT_LARGE,212,3_3_26_e5.png,NULL,NULL,NULL
460,EPBT_LARGE,213,3_3_26_e6.png,NULL,NULL,NULL
461,EPBT_LARGE,214,3_3_26_e7.png,NULL,NULL,NULL
462,EPBT_LARGE,215,3_3_26_e8.png,NULL,NULL,NULL
463,EPBT_LARGE,216,3_3_26_e9.png,NULL,NULL,NULL
464,EPBT_LARGE,217,3_3_26_e10.png,NULL,NULL,NULL
465,EPBT_WOMAN,208,3_4_26_e1.png,NULL,NULL,NULL
466,EPBT_WOMAN,209,3_4_26_e2.png,NULL,NULL,NULL
467,EPBT_WOMAN,210,3_4_26_e3.png,NULL,NULL,NULL
468,EPBT_WOMAN,211,3_4_26_e4.png,NULL,NULL,NULL
469,EPBT_WOMAN,212,3_4_26_e5.png,NULL,NULL,NULL
470,EPBT_WOMAN,213,3_4_26_e6.png,NULL,NULL,NULL
471,EPBT_WOMAN,214,3_4_26_e7.png,NULL,NULL,NULL
472,EPBT_WOMAN,215,3_4_26_e8.png,NULL,NULL,NULL
473,EPBT_WOMAN,216,3_4_26_e9.png,NULL,NULL,NULL
474,EPBT_WOMAN,217,3_4_26_e10.png,NULL,NULL,NULL
475,EPBT_MIDIUM,218,3_2_27_e1.png,NULL,NULL,NULL
476,EPBT_MIDIUM,219,3_2_27_e2.png,NULL,NULL,NULL
477,EPBT_MIDIUM,220,3_2_27_e3.png,NULL,NULL,NULL
478,EPBT_MIDIUM,221,3_2_27_e4.png,NULL,NULL,NULL
479,EPBT_MIDIUM,222,3_2_27_e5.png,NULL,NULL,NULL
480,EPBT_MIDIUM,223,3_2_27_e6.png,NULL,NULL,NULL
481,EPBT_LARGE,218,3_3_27_e1.png,NULL,NULL,NULL
482,EPBT_LARGE,219,3_3_27_e2.png,NULL,NULL,NULL
483,EPBT_LARGE,220,3_3_27_e3.png,NULL,NULL,NULL
484,EPBT_LARGE,221,3_3_27_e4.png,NULL,NULL,NULL
485,EPBT_LARGE,222,3_3_27_e5.png,NULL,NULL,NULL
486,EPBT_LARGE,223,3_3_27_e6.png,NULL,NULL,NULL
487,EPBT_WOMAN,218,3_4_27_e1.png,NULL,NULL,NULL
488,EPBT_WOMAN,219,3_4_27_e2.png,NULL,NULL,NULL
489,EPBT_WOMAN,220,3_4_27_e3.png,NULL,NULL,NULL
490,EPBT_WOMAN,221,3_4_27_e4.png,NULL,NULL,NULL
491,EPBT_WOMAN,222,3_4_27_e5.png,NULL,NULL,NULL
492,EPBT_WOMAN,223,3_4_27_e6.png,NULL,NULL,NULL
493,EPBT_MIDIUM,227,3_2_23_e0.png,NULL,NULL,NULL
494,EPBT_LARGE,227,3_3_23_e0.png,NULL,NULL,NULL
495,EPBT_WOMAN,228,3_4_24_e0.png,NULL,NULL,NULL
